Surname,Forename,Middle Names,Title,Known As,Fee Status,Student Username,Ucard No,Email,Reg. Status,Programme,Period,Module Code,1st Grade,2nd Grade,3rd Grade,4th Grade,NFC_Flag,HEFCE_Flag,Live Registration,Attending,Date of Birth,Personal Tutor,Supervisors
Willis,Adam,,Mr,Adam,Home,ACC22AW,001787692,awillis4@sheffield.ac.uk,Fully Registered,COMU39,B,COM3420,-,-,-,-,-,Yes,Y,Y,2004-08-25,Emma Norling
Bala,Jakub,,Dr,Jakub,Overseas,ACK21JV,1234,jbala1@sheffield.ac.uk,Fully Registered,COMU39,B,COM3420,-,-,-,-,-,Yes,Y,Y,2004-08-25,Emma Norling
Henson,Josh,,Mrs,Josh,Home,ACA21JLH,1235,jhenson2@sheffield.ac.uk,Fully Registered,COMU39,B,COM3420,-,-,-,-,-,Yes,Y,Y,2004-08-25,Emma Norling
Salkeld,Matty,,Mr,Matty,Overseas,ELB90MS,1236,msalkeld1@sheffield.ac.uk,Fully Registered,COMU39,B,COM3420,-,-,-,-,-,Yes,Y,Y,2004-08-25,Emma Norling
Jennings,Russell,,Mr,George,Home,ACS19RJ,154041347,rhyscoleman@example.net,Fully Registered,COMU39,B,COM3420,-,-,-,-,-,Yes,Y,Y,2007-03-21,Miss Aimee White,
Cole,Sharon,Brookes Owens,Miss,Caroline,Home,ACS21SC,298898038,marcus64@example.com,Fully Registered,COMU43,B,COM3420,-,-,-,-,-,Yes,Y,Y,1999-01-03,Francesca Hayes,
Steele,Kieran,Flynn West,Miss,Diana,Home,ACF20KS,144023092,jasmine20@example.com,Fully Registered,COMU43,B,COM3420,-,-,-,-,-,Yes,Y,Y,2000-02-25,Diane Jones,
Wilkinson,Alexander,Hobbs,Ms,Philip,Home,ACQ20AW,740458880,kylegray@example.com,Fully Registered,COMU117,B,COM3420,-,-,-,-,-,Yes,Y,Y,2007-02-19,Dr Stewart Davidson,
Armstrong,Lydia,Evans Nelson,Ms,Sally,Home,ACO20LA,749958747,raymondmoore@example.com,Fully Registered,COMU43,B,COM3420,-,-,-,-,-,Yes,Y,Y,1999-04-30,Mitchell Parsons,
Brown,Gregory,,Mrs,Lydia,Overseas,ACP20GB,986852727,victoria91@example.com,Fully Registered,COMU43,B,COM3420,-,-,-,-,-,Yes,Y,Y,2007-12-30,Mr Thomas Scott,
Greenwood,Vincent,Hall,Mr,Nathan,Overseas,ACQ20VG,760562479,joan44@example.com,Fully Registered,COMU05,B,COM3420,-,-,-,-,-,Yes,Y,Y,1997-02-06,Elaine Slater,
Taylor,Paula,Singh,Mrs,Philip,Overseas,ACX20PT,520407930,yatesjune@example.org,Fully Registered,COMU101,B,COM3420,-,-,-,-,-,Yes,Y,Y,1995-09-30,Marion Brooks,
Wilson,Leslie,Williams,Mrs,Donna,Overseas,ACZ21LW,771239038,dobsonellie@example.net,Fully Registered,COMU06,B,COM3420,-,-,-,-,-,Yes,Y,Y,1995-06-05,Helen Hewitt,
Williams,Stephen,Miller West,Mr,Linda,Home,ACG20SW,446006031,georgia40@example.org,Fully Registered,COMU43,B,COM3420,-,-,-,-,-,Yes,Y,Y,2004-03-02,Richard Watson,
Marshall,Christian,Andrews,Mx,Melanie,Overseas,ACN22CM,814540855,kimberleywilson@example.net,Fully Registered,COMU39,B,COM3420,-,-,-,-,-,Yes,Y,Y,1995-12-01,Frances Simpson,
Howells,Declan,,Mrs,Guy,Home,ACC21DH,146492069,chapmanlynne@example.com,Fully Registered,COMU43,B,COM3420,-,-,-,-,-,Yes,Y,Y,1995-05-18,Charlene Jones,
King,Joanna,Ingram Robertson,Mx,Diane,Overseas,ACC19JK,500915169,jonesruth@example.net,Fully Registered,COMU05,B,COM3420,-,-,-,-,-,Yes,Y,Y,1995-01-28,Keith Watkins,
Armstrong,Hugh,Stone,Mrs,Carly,Overseas,ACN22HA,236120647,dawn01@example.org,Fully Registered,COMU117,B,COM3420,-,-,-,-,-,Yes,Y,Y,1999-06-20,Scott Rahman,
Hale,Olivia,,Miss,Rebecca,Overseas,ACD20OH,842001348,vjohn@example.net,Fully Registered,COMU101,B,COM3420,-,-,-,-,-,Yes,Y,Y,2005-02-27,Toby Higgins,
Shah,Gerard,Ferguson Bell,Mx,Marion,Home,ACA20GS,992657297,marcus53@example.com,Fully Registered,COMU101,B,COM3420,-,-,-,-,-,Yes,Y,Y,1994-03-18,Mr William McCarthy,
Pearce,Natasha,Hart Harrison,Mrs,Rachel,Home,ACV19NP,536495474,natalie73@example.net,Fully Registered,COMU39,B,COM3420,-,-,-,-,-,Yes,Y,Y,1994-07-29,Mr Bryan Wilson,
Watson,Katy,,Mx,Kerry,Overseas,ACH20KW,589949415,gloverbethan@example.net,Fully Registered,COMU05,B,COM3420,-,-,-,-,-,Yes,Y,Y,1996-10-29,Mr Hugh Ryan,
Jones,Andrew,Hall,Mr,Tina,Home,ACD21AJ,117913668,russell42@example.net,Fully Registered,COMU39,B,COM3420,-,-,-,-,-,Yes,Y,Y,1993-06-29,Mr Daniel White,
Evans,Bethan,,Mrs,Amy,Overseas,ACF19BE,416490348,vincentallen@example.org,Fully Registered,COMU101,B,COM3420,-,-,-,-,-,Yes,Y,Y,2003-05-08,Jayne Bibi-Howard,
Atkinson,Geraldine,Wilkinson,Mx,Carol,Overseas,ACK21GA,694642402,wilkinsonsimon@example.org,Fully Registered,COMU05,B,COM3420,-,-,-,-,-,Yes,Y,Y,1995-10-05,Mr Alexander Farrell,
Smith,Henry,,Ms,Maureen,Overseas,ACM19HS,321983872,bwhite@example.com,Fully Registered,COMU117,B,COM3420,-,-,-,-,-,Yes,Y,Y,2007-09-24,Jonathan French,
Taylor,Samantha,Tyler,Mx,Amber,Overseas,ACU22ST,853169014,zrobinson@example.net,Fully Registered,COMU43,B,COM3420,-,-,-,-,-,Yes,Y,Y,1995-05-13,Laura Lynch,
Williams,Kenneth,,Mx,Georgina,Overseas,ACC19KW,186836710,jayclarke@example.org,Fully Registered,COMU39,B,COM3420,-,-,-,-,-,Yes,Y,Y,2003-08-20,Dr Barbara Mason,
Marshall,Nicholas,Miller,Mr,Kelly,Home,ACB19NM,711055686,shaun22@example.net,Fully Registered,COMU117,B,COM3420,-,-,-,-,-,Yes,Y,Y,1997-08-14,Dr Lindsey Johnson,
Morgan,Jonathan,Carpenter Stephenson,Ms,Pamela,Overseas,ACE19JM,650382257,carly10@example.net,Fully Registered,COMU06,B,COM3420,-,-,-,-,-,Yes,Y,Y,2007-08-03,Dennis Rowe,
Jones,Joel,Anderson Smith,Mx,Linda,Overseas,ACU19JJ,201653624,nking@example.org,Fully Registered,COMU117,B,COM3420,-,-,-,-,-,Yes,Y,Y,2005-02-18,Sian Smith,
Cooper,Leigh,Kelly,Mx,Dean,Home,ACK22LC,304773716,owenbrown@example.net,Fully Registered,COMU05,B,COM3420,-,-,-,-,-,Yes,Y,Y,2004-02-23,Roy Griffin,
Smith,Edward,Gardner Taylor,Mr,Martyn,Home,ACQ22ES,993958309,sallen@example.net,Fully Registered,COMU43,B,COM3420,-,-,-,-,-,Yes,Y,Y,1997-04-03,Robert Marsden,
Jones,Karl,May,Miss,Eileen,Overseas,ACC21KJ,243083303,vshaw@example.com,Fully Registered,COMU39,B,COM3420,-,-,-,-,-,Yes,Y,Y,2006-05-31,Dr Leon Cox,
Lynch,Nathan,Smith Stanley,Mx,Sam,Overseas,ACY20NL,914653367,thomas31@example.com,Fully Registered,COMU43,B,COM3420,-,-,-,-,-,Yes,Y,Y,1998-01-03,Joel Parkes,
Blake,Sian,Reynolds,Mx,Elizabeth,Overseas,ACK19SB,395032498,maryhewitt@example.com,Fully Registered,COMU43,B,COM3420,-,-,-,-,-,Yes,Y,Y,2002-02-17,Christopher White-Newton,
Turner,Chelsea,Phillips Miah,Mrs,Barbara,Overseas,ACB21CT,118148551,yphillips@example.com,Fully Registered,COMU43,B,COM3420,-,-,-,-,-,Yes,Y,Y,1993-08-20,Andrew Wallace,
Whitehouse,Naomi,,Mrs,Carly,Overseas,ACE21NW,318349729,lsmith@example.com,Fully Registered,COMU101,B,COM3420,-,-,-,-,-,Yes,Y,Y,2000-05-27,Rebecca Williams,
Potter,Gemma,Browne,Mr,Josh,Home,ACF20GP,583248283,neilwarner@example.org,Fully Registered,COMU05,B,COM3420,-,-,-,-,-,Yes,Y,Y,1993-09-28,Max Smith,
Brown,Eric,Stephens Steele,Ms,Julie,Overseas,ACL21EB,226703123,amy71@example.org,Fully Registered,COMU101,B,COM3420,-,-,-,-,-,Yes,Y,Y,1994-07-04,Katherine Smart,
Howard,Donald,Morris Lynch,Ms,Alan,Home,ACO20DH,407460539,danielsvalerie@example.net,Fully Registered,COMU43,B,COM3420,-,-,-,-,-,Yes,Y,Y,2003-03-17,Roger Rhodes,
Patel,Leslie,,Ms,Aimee,Overseas,ACZ22LP,491962190,fullerpeter@example.org,Fully Registered,COMU06,B,COM3420,-,-,-,-,-,Yes,Y,Y,1999-08-29,Janet Dodd,
Williams,Alan,,Mr,Diane,Home,ACI20AW,204920766,shawandrea@example.org,Fully Registered,COMU05,B,COM3420,-,-,-,-,-,Yes,Y,Y,2000-01-25,Catherine Parkin,
Mitchell,Barbara,Cooper Andrews,Mr,Sally,Home,ACI21BM,676772169,abigailmorris@example.net,Fully Registered,COMU39,B,COM3420,-,-,-,-,-,Yes,Y,Y,2007-07-04,Melanie Hughes,
Miller,Charles,Collins Cross,Mr,Craig,Home,ACG21CM,779947091,ohenderson@example.com,Fully Registered,COMU117,B,COM3420,-,-,-,-,-,Yes,Y,Y,2003-01-31,Lawrence Baxter,
Sheppard,Iain,Chambers,Ms,Gary,Home,ACI20IS,985159147,jenkinsdawn@example.org,Fully Registered,COMU117,B,COM3420,-,-,-,-,-,Yes,Y,Y,2000-07-20,Mr Anthony Fox,
Summers,Jayne,,Mx,Jamie,Overseas,ACU19JS,106410821,humphrieskelly@example.com,Fully Registered,COMU05,B,COM3420,-,-,-,-,-,Yes,Y,Y,2006-06-13,Ms Rita Booth,
Wilson,Leah,Griffiths,Mx,Christopher,Home,ACE21LW,239887233,garnermohammed@example.com,Fully Registered,COMU05,B,COM3420,-,-,-,-,-,Yes,Y,Y,2007-01-16,Dr Jennifer Skinner,
Dickinson,Alison,Wright,Mrs,Reece,Home,ACC20AD,657919377,lewisdouglas@example.com,Fully Registered,COMU06,B,COM3420,-,-,-,-,-,Yes,Y,Y,2008-01-11,Arthur Sims-Donnelly,
McCarthy,Graham,Greenwood Parry,Mx,Samantha,Overseas,ACV19GM,798810467,gemmaharris@example.org,Fully Registered,COMU39,B,COM3420,-,-,-,-,-,Yes,Y,Y,1995-06-28,Miss Amanda Martin,
Webb,Angela,,Mx,Rita,Overseas,ACJ21AW,433514450,jmorley@example.com,Fully Registered,COMU05,B,COM3420,-,-,-,-,-,Yes,Y,Y,2007-07-04,Vincent Swift,
Parkes,Ross,Rose,Miss,Christopher,Home,ACS22RP,955655869,joanne31@example.org,Fully Registered,COMU43,B,COM3420,-,-,-,-,-,Yes,Y,Y,1997-04-05,Mr Bruce Thompson,
Cooke,Mitchell,,Mr,Stephanie,Overseas,ACO22MC,208304701,bcoates@example.net,Fully Registered,COMU05,B,COM3420,-,-,-,-,-,Yes,Y,Y,2004-03-06,Garry Murray,
Carter,Gareth,,Mrs,Elizabeth,Home,ACM19GC,444579525,qcooke@example.net,Fully Registered,COMU43,B,COM3420,-,-,-,-,-,Yes,Y,Y,1993-12-31,Mohammad Miller,
Smith,Daniel,Fitzgerald,Miss,Kerry,Home,ACS21DS,274001710,hazelfrost@example.com,Fully Registered,COMU39,B,COM3420,-,-,-,-,-,Yes,Y,Y,2001-10-05,Mr Robin Sims,
Martin,Mohammed,Marsh,Mrs,Sharon,Overseas,ACN21MM,836873805,thomsonbrett@example.com,Fully Registered,COMU117,B,COM3420,-,-,-,-,-,Yes,Y,Y,1998-01-11,Tina Harvey-Green,
Jones,Russell,,Ms,Marcus,Overseas,ACO21RJ,674200224,judith02@example.com,Fully Registered,COMU06,B,COM3420,-,-,-,-,-,Yes,Y,Y,2002-05-24,Dylan Moore,
Chamberlain,Gareth,Noble,Mr,Sharon,Home,ACC20GC,247221983,tiqbal@example.com,Fully Registered,COMU06,B,COM3420,-,-,-,-,-,Yes,Y,Y,2001-10-27,Iain Quinn,
Roberts,Sharon,,Miss,Aaron,Overseas,ACJ22SR,981693051,karenhopkins@example.net,Fully Registered,COMU05,B,COM3420,-,-,-,-,-,Yes,Y,Y,1996-05-30,Mr William Metcalfe,
Johnson,Harriet,Mellor,Ms,Edward,Home,ACR21HJ,906207865,williamsonjason@example.com,Fully Registered,COMU43,B,COM3420,-,-,-,-,-,Yes,Y,Y,1999-10-01,Melanie Martin-Bibi,
Clark,Charlotte,Booth,Mx,Tracy,Home,ACZ21CC,415781189,mohamed48@example.net,Fully Registered,COMU05,B,COM3420,-,-,-,-,-,Yes,Y,Y,1996-10-08,Katy Daly,
Wilson,Sara,Taylor,Miss,Gemma,Home,ACO20SW,564396723,gerald12@example.net,Fully Registered,COMU43,B,COM3420,-,-,-,-,-,Yes,Y,Y,1998-06-20,Suzanne Wilson-Hawkins,
Mills,Alex,Stone Humphreys,Miss,Charlie,Overseas,ACU21AM,223853808,roygreen@example.com,Fully Registered,COMU101,B,COM3420,-,-,-,-,-,Yes,Y,Y,1999-05-24,Mr Russell Taylor,
Vaughan,Lindsey,,Mx,Brian,Home,ACX20LV,561755140,webblauren@example.com,Fully Registered,COMU39,B,COM3420,-,-,-,-,-,Yes,Y,Y,1995-08-02,Ms Charlene Williams,
Lloyd,Marc,Bennett,Mrs,Leslie,Overseas,ACM22ML,607312086,jacquelinesimmons@example.com,Fully Registered,COMU117,B,COM3420,-,-,-,-,-,Yes,Y,Y,1993-11-05,Ms Joyce Stevenson,
Morrison,Louise,,Mr,Lydia,Home,ACX19LM,919800018,amy71@example.com,Fully Registered,COMU06,B,COM3420,-,-,-,-,-,Yes,Y,Y,1994-12-10,Lawrence Wilkins,
Simpson,Duncan,West Gardner,Ms,Julia,Home,ACP22DS,802944431,tgibson@example.net,Fully Registered,COMU05,B,COM3420,-,-,-,-,-,Yes,Y,Y,2005-07-16,Mohamed Welch,
Green,Hannah,Kennedy,Miss,Eileen,Overseas,ACI19HG,800807246,harriet27@example.net,Fully Registered,COMU101,B,COM3420,-,-,-,-,-,Yes,Y,Y,1996-09-07,Mr Timothy Ahmed,
Andrews,Ashley,Russell Lane,Mx,Samantha,Home,ACU22AA,983622777,thompsonabdul@example.net,Fully Registered,COMU39,B,COM3420,-,-,-,-,-,Yes,Y,Y,1994-01-31,Mr Jake Moore,
Lee,Iain,Harris Thompson,Miss,Neil,Overseas,ACZ19IL,287267172,barbaraparker@example.com,Fully Registered,COMU39,B,COM3420,-,-,-,-,-,Yes,Y,Y,2004-02-14,Frank Waters-Smith,
Johnson,Dorothy,Slater,Mrs,Justin,Home,ACZ22DJ,641123855,jshaw@example.com,Fully Registered,COMU39,B,COM3420,-,-,-,-,-,Yes,Y,Y,2000-12-13,Ross Shaw,
Fox,Frederick,Payne Thompson,Miss,Danny,Overseas,ACI19FF,231879214,brianwood@example.org,Fully Registered,COMU39,B,COM3420,-,-,-,-,-,Yes,Y,Y,2005-11-27,Mr Reece Clayton,
Lees,Marian,Wall,Miss,Marion,Home,ACP20ML,555374922,wardgeorge@example.net,Fully Registered,COMU06,B,COM3420,-,-,-,-,-,Yes,Y,Y,2007-02-12,Miss Danielle Cartwright,
Shaw,Abdul,,Ms,Julie,Home,ACU20AS,878490304,ben97@example.org,Fully Registered,COMU43,B,COM3420,-,-,-,-,-,Yes,Y,Y,2007-05-07,Sheila Baxter-Norton,
Moore,Nicola,Brennan,Mrs,Stephen,Overseas,ACH22NM,301064490,roweeleanor@example.com,Fully Registered,COMU39,B,COM3420,-,-,-,-,-,Yes,Y,Y,2001-01-29,Kayleigh Gray,
Cox,Lindsey,Bevan,Mr,Eric,Home,ACS20LC,663752031,dylandale@example.com,Fully Registered,COMU43,B,COM3420,-,-,-,-,-,Yes,Y,Y,1999-02-15,Gemma Jenkins,
Griffiths,Connor,Ahmed,Mrs,Mohamed,Home,ACD20CG,907296389,qblack@example.org,Fully Registered,COMU39,B,COM3420,-,-,-,-,-,Yes,Y,Y,2001-06-20,Ann Harper,
Cross,Tracey,Dunn Preston,Ms,Francesca,Home,ACK21TC,778801255,pagehilary@example.org,Fully Registered,COMU05,B,COM3420,-,-,-,-,-,Yes,Y,Y,2000-12-12,Janet Burgess,
Jones,Kathryn,,Miss,Jamie,Overseas,ACA19KJ,671276367,alexander41@example.com,Fully Registered,COMU05,B,COM3420,-,-,-,-,-,Yes,Y,Y,1997-07-19,Joe Roberts,
Singh,Thomas,,Ms,Charlotte,Home,ACK19TS,582998504,rharris@example.net,Fully Registered,COMU117,B,COM3420,-,-,-,-,-,Yes,Y,Y,2005-04-15,Declan Preston-Lord,
Allen,Russell,,Mr,Steven,Overseas,ACK19RA,888474211,djenkins@example.com,Fully Registered,COMU117,B,COM3420,-,-,-,-,-,Yes,Y,Y,1994-01-25,Mr Norman Carter,
Davison,Jane,Hancock,Mrs,Jacob,Overseas,ACU21JD,365318852,emilybray@example.net,Fully Registered,COMU101,B,COM3420,-,-,-,-,-,Yes,Y,Y,1997-01-03,Garry Bull,
Murphy,Malcolm,Pope Wright,Ms,Ross,Home,ACE19MM,758423787,brownsean@example.com,Fully Registered,COMU117,B,COM3420,-,-,-,-,-,Yes,Y,Y,1997-02-04,Jade Holden,
Young,Leon,Brown Jones,Mr,Justin,Home,ACJ20LY,248700603,deborahswift@example.org,Fully Registered,COMU05,B,COM3420,-,-,-,-,-,Yes,Y,Y,1998-01-04,Tina Smart,
Young,Alan,Thomas Little,Miss,Mohamed,Home,ACJ19AY,113081001,taylornathan@example.com,Fully Registered,COMU101,B,COM3420,-,-,-,-,-,Yes,Y,Y,2006-02-03,Frank Lamb,
Hussain,Kelly,Marshall Marshall,Mr,Craig,Home,ACI22KH,949742597,kimberleybriggs@example.net,Fully Registered,COMU06,B,COM3420,-,-,-,-,-,Yes,Y,Y,2002-02-20,Mitchell Ellis,
Davis,Alex,,Ms,Kate,Home,ACV19AD,144494315,hughwilliams@example.org,Fully Registered,COMU39,B,COM3420,-,-,-,-,-,Yes,Y,Y,1994-07-21,Graham Baker,
Bryant,Helen,Haynes Smith,Mr,Rachel,Home,ACA20HB,464152126,crobinson@example.net,Fully Registered,COMU43,B,COM3420,-,-,-,-,-,Yes,Y,Y,2003-03-08,Chloe Spencer,
Griffiths,Janet,,Mr,Emily,Overseas,ACT19JG,450896880,higginsharry@example.org,Fully Registered,COMU05,B,COM3420,-,-,-,-,-,Yes,Y,Y,1998-09-12,David Barry-Davies,
Jones,Sarah,Hyde,Mrs,Francesca,Overseas,ACC20SJ,561203925,hilaryfoster@example.org,Fully Registered,COMU05,B,COM3420,-,-,-,-,-,Yes,Y,Y,1996-08-18,Mr Dean Wood,
Green,Leslie,Patel Barton,Mr,Rebecca,Overseas,ACS21LG,790970960,krobinson@example.org,Fully Registered,COMU43,B,COM3420,-,-,-,-,-,Yes,Y,Y,2002-02-04,Patricia Higgins,
Griffiths,Connor,Davies Barrett,Ms,Kathleen,Overseas,ACU21CG,233362814,williampatel@example.com,Fully Registered,COMU43,B,COM3420,-,-,-,-,-,Yes,Y,Y,2006-06-11,Beth Smith,
Hall,Hilary,Hawkins,Mrs,Elliott,Overseas,ACH21HH,166221403,daypaige@example.net,Fully Registered,COMU39,B,COM3420,-,-,-,-,-,Yes,Y,Y,1994-12-21,Mrs Dawn Scott,
Fletcher,Martin,Cox Lowe,Mr,Christopher,Home,ACF22MF,321181520,joycehewitt@example.com,Fully Registered,COMU43,B,COM3420,-,-,-,-,-,Yes,Y,Y,1995-08-12,Sean Smith,
Wilson,Ross,Bird Richardson,Ms,Gemma,Overseas,ACY19RW,487437691,uhudson@example.org,Fully Registered,COMU101,B,COM3420,-,-,-,-,-,Yes,Y,Y,2007-03-01,Steven White,
Johnson,Philip,James Holland,Mrs,Joyce,Home,ACX19PJ,702554749,brownrhys@example.net,Fully Registered,COMU05,B,COM3420,-,-,-,-,-,Yes,Y,Y,1994-06-07,Dr Ashleigh Hunt,
Coleman,Ashley,,Mx,Stewart,Overseas,ACZ20AC,249486499,kelly46@example.com,Fully Registered,COMU101,B,COM3420,-,-,-,-,-,Yes,Y,Y,2004-05-10,Patrick Patel-Murray,
Hardy,Kerry,,Mrs,Naomi,Overseas,ACL20KH,593614666,joyce79@example.com,Fully Registered,COMU101,B,COM3420,-,-,-,-,-,Yes,Y,Y,2004-05-20,Carole Bruce,
Heath,Jane,Mitchell Wallace,Miss,Neil,Home,ACI19JH,899279197,pdyer@example.com,Fully Registered,COMU39,B,COM3420,-,-,-,-,-,Yes,Y,Y,1998-03-09,Tina Fox,
Mellor,Timothy,Cross,Mr,Zoe,Home,ACM20TM,726831538,jonesanne@example.com,Fully Registered,COMU43,B,COM3420,-,-,-,-,-,Yes,Y,Y,1999-01-11,Jacob Roberts,
Briggs,Lynda,Pratt Rowe,Miss,Jeffrey,Overseas,ACS19LB,101362226,sryan@example.net,Fully Registered,COMU43,B,COM3420,-,-,-,-,-,Yes,Y,Y,2001-08-13,Olivia Atkinson,
Davies,Lucy,Holden,Miss,Julia,Home,ACL22LD,544955082,alankhan@example.com,Fully Registered,COMU101,B,COM3420,-,-,-,-,-,Yes,Y,Y,1996-03-02,Hollie Wilkinson,
Moore,Shirley,Weston,Mrs,Abdul,Overseas,ACI22SM,853525106,frankgibbons@example.net,Fully Registered,COMU43,B,COM3420,-,-,-,-,-,Yes,Y,Y,2004-08-23,Donald Booth,
Hughes,Angela,Burns Bradley,Mr,Christopher,Home,ACP21AH,426991544,christine78@example.com,Fully Registered,COMU05,B,COM3420,-,-,-,-,-,Yes,Y,Y,1999-03-23,Pamela Davies,
Ford,Frederick,,Ms,Benjamin,Overseas,ACN21FF,402043947,zoliver@example.org,Fully Registered,COMU05,B,COM3420,-,-,-,-,-,Yes,Y,Y,2007-06-01,Miss Maria Swift,
Walker,Marilyn,Lord,Mx,Irene,Overseas,ACZ22MW,205096813,terencewebb@example.org,Fully Registered,COMU06,B,COM3420,-,-,-,-,-,Yes,Y,Y,2002-10-03,Stewart Myers-Hilton,
Simpson,Michael,,Mrs,Lynn,Overseas,ACP21MS,363907855,danny22@example.net,Fully Registered,COMU43,B,COM3420,-,-,-,-,-,Yes,Y,Y,2005-02-26,Kevin Rogers,
Curtis,Matthew,Roberts,Mr,Adam,Overseas,ACR19MC,845849575,francesca95@example.net,Fully Registered,COMU101,B,COM3420,-,-,-,-,-,Yes,Y,Y,1995-10-12,Miss Leanne Taylor,
Brown,Marie,Jones,Mrs,Laura,Overseas,ACP20MB,687769837,davisonderek@example.net,Fully Registered,COMU39,B,COM3420,-,-,-,-,-,Yes,Y,Y,2004-02-13,Graeme Cooper,
Reynolds,Lynda,,Ms,Margaret,Overseas,ACZ22LR,284166823,holtrussell@example.com,Fully Registered,COMU117,B,COM3420,-,-,-,-,-,Yes,Y,Y,1994-02-03,Mary Thomas-Jones,
Brown,Marie,Murray,Mr,Melanie,Overseas,ACQ22MB,675476666,egibson@example.net,Fully Registered,COMU05,B,COM3420,-,-,-,-,-,Yes,Y,Y,1994-11-14,Amanda Phillips,
Chadwick,Douglas,Freeman,Miss,Peter,Home,ACG21DC,607613586,matthewbell@example.com,Fully Registered,COMU117,B,COM3420,-,-,-,-,-,Yes,Y,Y,2000-04-06,Natalie Marsden-Porter,
O'Brien,Anthony,,Miss,Stephanie,Home,ACM21AO,941038765,scottbeth@example.com,Fully Registered,COMU05,B,COM3420,-,-,-,-,-,Yes,Y,Y,1997-02-22,Dr Keith Butler,
Stewart,Bryan,Coates Moss,Miss,Owen,Home,ACS22BS,889567569,barbara99@example.com,Fully Registered,COMU05,B,COM3420,-,-,-,-,-,Yes,Y,Y,2000-09-21,Stacey Bowen,
Anderson,Amber,Davies Bradshaw,Mx,Marion,Home,ACV22AA,303584746,williamfox@example.com,Fully Registered,COMU101,B,COM3420,-,-,-,-,-,Yes,Y,Y,1995-01-22,Amy Osborne,
Vaughan,Georgina,,Ms,Ellie,Home,ACK20GV,701433446,eric25@example.org,Fully Registered,COMU43,B,COM3420,-,-,-,-,-,Yes,Y,Y,2000-08-03,Mohamed Evans,
Young,Richard,Turner,Mrs,Philip,Home,ACM21RY,974657235,marianbrown@example.com,Fully Registered,COMU05,B,COM3420,-,-,-,-,-,Yes,Y,Y,1997-06-29,Dr Alex Jones,
Ford,Heather,Hudson Sinclair,Mx,Jamie,Overseas,ACI22HF,251974882,xthomson@example.com,Fully Registered,COMU05,B,COM3420,-,-,-,-,-,Yes,Y,Y,1996-03-03,Bradley Rees,
Jones,Clifford,,Miss,Lee,Overseas,ACJ22CJ,102920701,kellyalexandra@example.net,Fully Registered,COMU101,B,COM3420,-,-,-,-,-,Yes,Y,Y,1997-05-29,Bradley Kerr,
Carter,Glenn,,Miss,Kevin,Overseas,ACO19GC,396487167,jryan@example.net,Fully Registered,COMU06,B,COM3420,-,-,-,-,-,Yes,Y,Y,1998-11-22,Dr Charlotte Davies,
Booth,Stuart,Evans Murphy,Ms,Philip,Home,ACI21SB,894288910,huntjonathan@example.org,Fully Registered,COMU43,B,COM3420,-,-,-,-,-,Yes,Y,Y,2001-07-31,Shaun Pearson,
Evans,Joseph,O'Sullivan,Miss,Clive,Overseas,ACL22JE,869245752,gellis@example.org,Fully Registered,COMU101,B,COM3420,-,-,-,-,-,Yes,Y,Y,1997-08-20,Aimee Payne,
Pugh,Christine,,Mrs,Alison,Overseas,ACO22CP,916770614,trevor84@example.org,Fully Registered,COMU05,B,COM3420,-,-,-,-,-,Yes,Y,Y,1994-03-18,Gavin Baker,
Moran,Wendy,King,Mx,Gordon,Home,ACD19WM,176740063,warnerdanny@example.org,Fully Registered,COMU101,B,COM3420,-,-,-,-,-,Yes,Y,Y,2005-08-08,Jennifer Craig,
Stanley,Ann,Roberts Green,Miss,Alison,Overseas,ACK22AS,686303548,shane68@example.net,Fully Registered,COMU06,B,COM3420,-,-,-,-,-,Yes,Y,Y,1999-04-14,Karen Kent,
Hartley,Gareth,Coles Johnston,Miss,Sian,Overseas,ACI19GH,777966217,janelowe@example.net,Fully Registered,COMU06,B,COM3420,-,-,-,-,-,Yes,Y,Y,2004-02-14,James Jones,
Patel,Leslie,Taylor,Mrs,Tracy,Overseas,ACL21LP,381179065,wongnicholas@example.net,Fully Registered,COMU39,B,COM3420,-,-,-,-,-,Yes,Y,Y,1997-05-31,Joanna Hunt,
Byrne,Ashleigh,Carter Smith,Ms,Joe,Overseas,ACS22AB,788654594,pgraham@example.net,Fully Registered,COMU05,B,COM3420,-,-,-,-,-,Yes,Y,Y,2006-07-14,Julian Schofield-Gibbons,
Walker,Melanie,Ellis,Mx,Maria,Overseas,ACQ20MW,214553808,garethjohn@example.com,Fully Registered,COMU05,B,COM3420,-,-,-,-,-,Yes,Y,Y,2006-06-14,Joe Farrell-Smith,
Harvey,Mathew,Martin Gilbert,Ms,Guy,Home,ACV21MH,918022476,linda87@example.com,Fully Registered,COMU43,B,COM3420,-,-,-,-,-,Yes,Y,Y,1995-07-06,Ian Hyde-Harding,
Young,Joanne,,Mr,Ronald,Home,ACV21JY,261909601,patrick75@example.com,Fully Registered,COMU06,B,COM3420,-,-,-,-,-,Yes,Y,Y,1994-08-29,Christian Barlow,
Mason,James,,Miss,Hugh,Overseas,ACD20JM,533018915,patrickwade@example.com,Fully Registered,COMU43,B,COM3420,-,-,-,-,-,Yes,Y,Y,2007-02-01,Margaret Forster-Bentley,
Spencer,Tracey,,Ms,Simon,Home,ACQ19TS,774272484,daviesjodie@example.org,Fully Registered,COMU117,B,COM3420,-,-,-,-,-,Yes,Y,Y,1997-07-31,Terry Shaw,
Walters,Douglas,,Mrs,Martin,Home,ACD22DW,469260423,jonesnicole@example.org,Fully Registered,COMU06,B,COM3420,-,-,-,-,-,Yes,Y,Y,1999-04-01,Teresa Smith,
Wood,Elliott,Williams Nicholson,Mx,Matthew,Home,ACJ21EW,835712944,william07@example.com,Fully Registered,COMU101,B,COM3420,-,-,-,-,-,Yes,Y,Y,1998-01-05,Ms Sarah Turner,
Carr,Paula,Allen Brown,Mx,Sean,Home,ACJ22PC,925976268,wgregory@example.org,Fully Registered,COMU43,B,COM3420,-,-,-,-,-,Yes,Y,Y,1995-11-02,Conor Carter-Singh,
Wells,Henry,,Miss,Kerry,Overseas,ACD20HW,552204764,jjones@example.org,Fully Registered,COMU39,B,COM3420,-,-,-,-,-,Yes,Y,Y,2006-10-25,Tracey Davies,
Thomas,Carole,,Mx,James,Home,ACR22CT,132723741,naylorkathleen@example.com,Fully Registered,COMU43,B,COM3420,-,-,-,-,-,Yes,Y,Y,2005-01-17,Miss Lindsey Jones,
Jones,Joshua,,Ms,Stephanie,Home,ACB22JJ,354354031,thomasfox@example.net,Fully Registered,COMU06,B,COM3420,-,-,-,-,-,Yes,Y,Y,1999-12-26,Miss Stacey Dean,
Short,Barbara,,Mx,James,Home,ACL20BS,182093075,carolinewright@example.com,Fully Registered,COMU43,B,COM3420,-,-,-,-,-,Yes,Y,Y,2002-02-22,Jamie Mann-Williams,
Thompson,Ashley,,Ms,Denis,Home,ACI19AT,770306445,damiancross@example.com,Fully Registered,COMU39,B,COM3420,-,-,-,-,-,Yes,Y,Y,1995-03-09,Eileen Dawson-Smith,
Osborne,Roy,Gill Wood,Mr,Allan,Home,ACA19RO,988011629,tomlees@example.net,Fully Registered,COMU39,B,COM3420,-,-,-,-,-,Yes,Y,Y,2006-01-05,Joseph Carter-Jenkins,
Butler,Tom,Williams May,Mrs,Stanley,Home,ACK22TB,235788645,rowleypatricia@example.com,Fully Registered,COMU101,B,COM3420,-,-,-,-,-,Yes,Y,Y,1994-01-24,Ryan Bradley-Howard,
Davies,Maurice,,Ms,Nicholas,Home,ACZ21MD,421713500,oevans@example.org,Fully Registered,COMU05,B,COM3420,-,-,-,-,-,Yes,Y,Y,2006-01-21,Ashleigh Lawrence,
Robinson,Antony,Crawford Morrison,Ms,Ann,Home,ACW21AR,169648550,foxbradley@example.org,Fully Registered,COMU06,B,COM3420,-,-,-,-,-,Yes,Y,Y,2001-11-18,Denise Barnett,
Price,Rachel,Johnson Ali,Miss,Shane,Overseas,ACK20RP,625420557,abigail66@example.com,Fully Registered,COMU39,B,COM3420,-,-,-,-,-,Yes,Y,Y,2002-06-26,Denise Atkinson,
Robinson,Howard,,Ms,Karl,Overseas,ACG22HR,538264567,rwilliams@example.com,Fully Registered,COMU117,B,COM3420,-,-,-,-,-,Yes,Y,Y,2002-08-31,Wayne Sharp,
Daly,Norman,,Mrs,Mohamed,Overseas,ACU21ND,814660435,xmann@example.com,Fully Registered,COMU101,B,COM3420,-,-,-,-,-,Yes,Y,Y,2006-09-29,Judith Smith,
Wyatt,Rosie,,Mr,Katy,Home,ACJ20RW,677078738,whawkins@example.net,Fully Registered,COMU05,B,COM3420,-,-,-,-,-,Yes,Y,Y,2003-04-01,Amy Booth,
Davidson,Jeremy,,Miss,Kirsty,Home,ACL19JD,492265422,smithdamien@example.com,Fully Registered,COMU43,B,COM3420,-,-,-,-,-,Yes,Y,Y,1996-10-11,Darren Turner,
Thomas,Nigel,Mills,Mr,Kirsty,Home,ACW21NT,891843775,maureen60@example.org,Fully Registered,COMU05,B,COM3420,-,-,-,-,-,Yes,Y,Y,2002-04-20,Dr Billy John,
Naylor,Ruth,Holmes Smith,Mrs,Diane,Home,ACL19RN,182991065,jill53@example.net,Fully Registered,COMU117,B,COM3420,-,-,-,-,-,Yes,Y,Y,2001-09-13,Ms Sarah Hughes,
Shah,Mitchell,Martin,Mrs,Shannon,Home,ACW20MS,350806374,duncan33@example.net,Fully Registered,COMU43,B,COM3420,-,-,-,-,-,Yes,Y,Y,1998-05-07,Damien French,
Coates,Jake,Connolly,Miss,Jade,Overseas,ACT19JC,866486893,rcollins@example.org,Fully Registered,COMU06,B,COM3420,-,-,-,-,-,Yes,Y,Y,1997-08-02,Dean Bates-Kaur,
Howe,Jasmine,Smith Tomlinson,Mrs,Owen,Overseas,ACQ20JH,990600283,qmoore@example.org,Fully Registered,COMU43,B,COM3420,-,-,-,-,-,Yes,Y,Y,2000-11-11,Victoria Powell,
Smith,Laura,,Mr,Justin,Home,ACR21LS,357629070,donnacollins@example.com,Fully Registered,COMU06,B,COM3420,-,-,-,-,-,Yes,Y,Y,1994-01-13,Mrs Stacey Howe,
White,Eric,Evans Baker,Mx,Leah,Overseas,ACB19EW,387848658,yvonne53@example.com,Fully Registered,COMU117,B,COM3420,-,-,-,-,-,Yes,Y,Y,2000-08-11,Toby Richardson,
Roberts,Hayley,Webster,Mr,Hugh,Overseas,ACL19HR,977383417,derek99@example.com,Fully Registered,COMU39,B,COM3420,-,-,-,-,-,Yes,Y,Y,2007-06-21,Lynn Parker,
Adams,Karen,Page,Miss,Stuart,Home,ACR20KA,728422829,kevinharding@example.org,Fully Registered,COMU06,B,COM3420,-,-,-,-,-,Yes,Y,Y,2001-11-29,Dr Amanda Parker,
Gray,Anne,Green Graham,Mrs,Gerard,Home,ACZ20AG,740647115,greengerard@example.net,Fully Registered,COMU43,B,COM3420,-,-,-,-,-,Yes,Y,Y,2005-02-11,Joanna Doherty,
Lucas,Joseph,,Mrs,Arthur,Home,ACS22JL,155165208,pmoss@example.net,Fully Registered,COMU117,B,COM3420,-,-,-,-,-,Yes,Y,Y,1999-09-28,Glen Fisher,
Jackson,Marcus,Dodd,Miss,Hollie,Overseas,ACC21MJ,815227630,frederickdavies@example.com,Fully Registered,COMU39,B,COM3420,-,-,-,-,-,Yes,Y,Y,1998-02-25,Dr Georgia Taylor,
Dale,Rosemary,Hodgson,Mx,Leah,Home,ACI21RD,869539526,gemma22@example.com,Fully Registered,COMU06,B,COM3420,-,-,-,-,-,Yes,Y,Y,2006-07-02,Hugh Banks,
Evans,Annette,,Mr,Barbara,Overseas,ACS19AE,352642295,campbellwendy@example.net,Fully Registered,COMU39,B,COM3420,-,-,-,-,-,Yes,Y,Y,2001-06-28,Shane Holland,
Scott,Billy,,Mx,Graham,Overseas,ACW21BS,434390043,kirkelaine@example.net,Fully Registered,COMU06,B,COM3420,-,-,-,-,-,Yes,Y,Y,2006-09-05,Mr Guy Collins,
Mitchell,Antony,,Ms,Peter,Home,ACP22AM,952638437,gregorybeth@example.net,Fully Registered,COMU05,B,COM3420,-,-,-,-,-,Yes,Y,Y,1998-01-21,Sara Rose,
Chapman,Henry,Howells,Mr,Alex,Home,ACP21HC,655260728,ubell@example.org,Fully Registered,COMU117,B,COM3420,-,-,-,-,-,Yes,Y,Y,2006-11-26,Eileen Smith-Brown,
Ball,Lee,,Mx,Stephanie,Overseas,ACI22LB,955292137,jodieholloway@example.net,Fully Registered,COMU06,B,COM3420,-,-,-,-,-,Yes,Y,Y,1995-01-18,Alison Byrne,
Whitehead,Oliver,Simpson Finch,Mr,Peter,Overseas,ACB20OW,872192437,mnoble@example.net,Fully Registered,COMU05,B,COM3420,-,-,-,-,-,Yes,Y,Y,2003-07-25,Denise Browne,
Bevan,Maria,Carter,Mx,Valerie,Home,ACD22MB,216661302,cwest@example.net,Fully Registered,COMU101,B,COM3420,-,-,-,-,-,Yes,Y,Y,2002-12-16,Christian Jones,
James,Eleanor,,Ms,Jade,Home,ACY19EJ,596766089,sandraarcher@example.net,Fully Registered,COMU06,B,COM3420,-,-,-,-,-,Yes,Y,Y,1996-08-19,Alison Hill,
Stephenson,Conor,Murphy,Mx,Brenda,Overseas,ACR21CS,956302313,wbentley@example.org,Fully Registered,COMU39,B,COM3420,-,-,-,-,-,Yes,Y,Y,2004-08-10,Abdul Johnson-Holden,
Craig,Andrea,Hardy Goddard,Mr,Charlene,Home,ACR20AC,936470707,neilhumphreys@example.net,Fully Registered,COMU39,B,COM3420,-,-,-,-,-,Yes,Y,Y,2006-02-24,Gerald Clark,
Lewis,Irene,,Mx,Lewis,Home,ACG21IL,371516456,holly49@example.net,Fully Registered,COMU06,B,COM3420,-,-,-,-,-,Yes,Y,Y,1996-07-31,Stephanie Gardiner,
Jones,Carole,Browne,Mrs,Marion,Home,ACC21CJ,151989596,alee@example.org,Fully Registered,COMU101,B,COM3420,-,-,-,-,-,Yes,Y,Y,2003-03-09,Kayleigh Brown,
Jarvis,Kathleen,Bartlett Franklin,Ms,Rachel,Home,ACB20KJ,908271049,traceywilliams@example.net,Fully Registered,COMU43,B,COM3420,-,-,-,-,-,Yes,Y,Y,1996-06-12,Mrs Josephine Ball,
Smith,Jordan,Carter Lees,Ms,Karl,Overseas,ACQ22JS,142233425,jamesdonna@example.net,Fully Registered,COMU117,B,COM3420,-,-,-,-,-,Yes,Y,Y,2007-10-02,Martyn Ward-Carr,
Marshall,Connor,Flynn,Mr,Lucy,Home,ACA22CM,339371729,jodiewilliams@example.net,Fully Registered,COMU39,B,COM3420,-,-,-,-,-,Yes,Y,Y,1999-06-19,Marcus Howarth,
Mahmood,Heather,,Miss,Sandra,Home,ACB22HM,668486967,karlstevenson@example.com,Fully Registered,COMU06,B,COM3420,-,-,-,-,-,Yes,Y,Y,2005-03-19,Megan Moore,
Brady,Clive,,Mrs,Brett,Overseas,ACN19CB,359514167,gemma25@example.org,Fully Registered,COMU05,B,COM3420,-,-,-,-,-,Yes,Y,Y,2002-05-03,Dr Conor Kemp,
Ross,Douglas,Wood McCarthy,Miss,Michael,Home,ACE22DR,853730336,lewis84@example.com,Fully Registered,COMU117,B,COM3420,-,-,-,-,-,Yes,Y,Y,1997-08-18,Malcolm Davies,
Wood,Tracy,Williams,Miss,Julian,Home,ACP22TW,739887034,ahmedwayne@example.com,Fully Registered,COMU101,B,COM3420,-,-,-,-,-,Yes,Y,Y,1996-11-01,Mr Danny Butler,
Patel,Jasmine,Ellis,Miss,Toby,Overseas,ACC20JP,524736957,pstevens@example.org,Fully Registered,COMU06,B,COM3420,-,-,-,-,-,Yes,Y,Y,1997-05-14,Georgina Thompson,
Richards,Cameron,Chapman Lane,Mr,Abbie,Home,ACM20CR,679699797,brendajones@example.net,Fully Registered,COMU43,B,COM3420,-,-,-,-,-,Yes,Y,Y,2003-12-19,Gary Jones-Richardson,
Bailey,Marie,Edwards Williams,Mrs,Margaret,Overseas,ACW20MB,935912147,deborah65@example.org,Fully Registered,COMU06,B,COM3420,-,-,-,-,-,Yes,Y,Y,1995-06-11,Andrea Perkins,
Nicholls,Leigh,Barnes Hutchinson,Miss,Gary,Home,ACY20LN,709136673,orowley@example.org,Fully Registered,COMU101,B,COM3420,-,-,-,-,-,Yes,Y,Y,1999-01-31,Oliver Wood,
Newman,Gail,,Mx,John,Overseas,ACE19GN,718323573,leonardwhittaker@example.net,Fully Registered,COMU101,B,COM3420,-,-,-,-,-,Yes,Y,Y,2007-06-23,Adam Smith,
Bell,Gavin,Khan Johnston,Mrs,Jacob,Home,ACF21GB,937567585,hallirene@example.com,Fully Registered,COMU101,B,COM3420,-,-,-,-,-,Yes,Y,Y,1998-11-12,Margaret Lloyd,
Jones,Paige,,Mrs,Philip,Overseas,ACJ19PJ,756307420,jadams@example.org,Fully Registered,COMU117,B,COM3420,-,-,-,-,-,Yes,Y,Y,2000-04-23,Maurice Cooper,
Gibson,Jake,,Mx,Maurice,Home,ACC20JG,600579469,cosullivan@example.net,Fully Registered,COMU05,B,COM3420,-,-,-,-,-,Yes,Y,Y,1993-11-29,Aimee Brown-Oliver,
Butcher,Malcolm,Brookes,Mx,Stacey,Overseas,ACF19MB,933665504,kfarmer@example.com,Fully Registered,COMU117,B,COM3420,-,-,-,-,-,Yes,Y,Y,2000-09-22,Liam Wilson,
Lees,Joe,Smith,Mx,Natasha,Overseas,ACY22JL,115697895,higginsjennifer@example.com,Fully Registered,COMU06,B,COM3420,-,-,-,-,-,Yes,Y,Y,2001-11-25,Duncan Cox-Holland,
Fisher,Hazel,,Miss,Ben,Overseas,ACF19HF,408801993,diane78@example.net,Fully Registered,COMU117,B,COM3420,-,-,-,-,-,Yes,Y,Y,2008-01-07,Cheryl Young,
Murray,Jamie,,Mrs,Dominic,Home,ACT20JM,467446998,nmorris@example.org,Fully Registered,COMU39,B,COM3420,-,-,-,-,-,Yes,Y,Y,2005-01-08,Ms Danielle Barton,
Fowler,Trevor,Murray,Mx,Alison,Home,ACB20TF,758388323,ndickinson@example.org,Fully Registered,COMU117,B,COM3420,-,-,-,-,-,Yes,Y,Y,1995-06-26,Geoffrey Hill,
Shaw,Sandra,Gough,Mx,Martin,Home,ACE19SS,666389223,sylvia09@example.net,Fully Registered,COMU39,B,COM3420,-,-,-,-,-,Yes,Y,Y,2004-08-03,Sara Williams,
Jones,Jacqueline,,Miss,Jodie,Overseas,ACP21JJ,256695983,butlerleigh@example.org,Fully Registered,COMU117,B,COM3420,-,-,-,-,-,Yes,Y,Y,2004-08-29,Sarah Gregory-Cooke,
Lawrence,Elliott,Singh Thomas,Miss,Natalie,Overseas,ACJ22EL,417126479,qreynolds@example.net,Fully Registered,COMU101,B,COM3420,-,-,-,-,-,Yes,Y,Y,2006-07-25,Kayleigh Reynolds-Mitchell,
Metcalfe,Jason,Smith Burgess,Mr,Owen,Overseas,ACK22JM,997557508,dylanbarber@example.org,Fully Registered,COMU06,B,COM3420,-,-,-,-,-,Yes,Y,Y,2007-11-25,Dr Zoe Willis,
Smith,Julia,Bennett,Mrs,Ian,Overseas,ACY22JS,892636640,cookjoyce@example.org,Fully Registered,COMU43,B,COM3420,-,-,-,-,-,Yes,Y,Y,2004-08-19,Ms Kelly Owen,
Griffiths,Ashley,Moore Gardner,Miss,Declan,Home,ACX21AG,507644566,wendysummers@example.org,Fully Registered,COMU43,B,COM3420,-,-,-,-,-,Yes,Y,Y,1994-11-25,Jacqueline Stephens,
Smith,Declan,Lane Collins,Miss,Michael,Home,ACL21DS,847330505,stewartbeth@example.com,Fully Registered,COMU101,B,COM3420,-,-,-,-,-,Yes,Y,Y,2002-08-05,Jodie Humphreys,
Harrison,Glenn,Brown Gibbs,Mrs,Aimee,Home,ACO20GH,167412357,ianhamilton@example.com,Fully Registered,COMU117,B,COM3420,-,-,-,-,-,Yes,Y,Y,2006-10-09,Howard Marshall,
Rowley,Rhys,,Ms,Jacqueline,Overseas,ACE21RR,186329724,vfarrell@example.com,Fully Registered,COMU117,B,COM3420,-,-,-,-,-,Yes,Y,Y,2005-03-11,Lisa Preston-Watson,
Green,Phillip,Wilson,Mr,Frances,Overseas,ACF21PG,667818786,jenniferstorey@example.com,Fully Registered,COMU117,B,COM3420,-,-,-,-,-,Yes,Y,Y,1995-12-01,Mr Ross Edwards,
Smith,Leigh,Richardson,Miss,Mohammed,Home,ACO19LS,854550626,ellie54@example.net,Fully Registered,COMU43,B,COM3420,-,-,-,-,-,Yes,Y,Y,2008-03-03,Timothy Davey,
Walker,Hannah,Middleton White,Mx,Gavin,Overseas,ACW21HW,475568106,smithmartyn@example.net,Fully Registered,COMU39,B,COM3420,-,-,-,-,-,Yes,Y,Y,1995-06-16,Kieran Wood,
Fisher,Joan,,Ms,Benjamin,Home,ACS19JF,885331013,reesroy@example.net,Fully Registered,COMU43,B,COM3420,-,-,-,-,-,Yes,Y,Y,1996-04-25,Lorraine Davies,
Lee,Danielle,Sims Thompson,Mx,Sheila,Overseas,ACO22DL,969322695,raymond95@example.com,Fully Registered,COMU06,B,COM3420,-,-,-,-,-,Yes,Y,Y,1996-10-06,Ryan Hawkins,
Warner,Charlene,Watson,Mx,Trevor,Home,ACX20CW,772344399,vwyatt@example.com,Fully Registered,COMU05,B,COM3420,-,-,-,-,-,Yes,Y,Y,1993-05-17,Graeme Smith,
Hall,Ashley,Lane Simmons,Miss,Bethan,Home,ACD22AH,292122052,ashtonjonathan@example.net,Fully Registered,COMU06,B,COM3420,-,-,-,-,-,Yes,Y,Y,1999-05-20,Mr Tony Skinner,
Stewart,Alex,Webb,Mr,Michael,Overseas,ACN20AS,147301321,simonjones@example.org,Fully Registered,COMU06,B,COM3420,-,-,-,-,-,Yes,Y,Y,2002-12-12,Molly Curtis,
Dobson,Jeffrey,,Mx,Susan,Overseas,ACV22JD,211362440,tjones@example.org,Fully Registered,COMU101,B,COM3420,-,-,-,-,-,Yes,Y,Y,2005-09-18,Shirley Goddard,
Roberts,Edward,Moore,Mx,Sharon,Home,ACH22ER,391151948,leah19@example.net,Fully Registered,COMU06,B,COM3420,-,-,-,-,-,Yes,Y,Y,1993-05-04,Miss Naomi Jones,
Riley,Robert,,Ms,Damian,Overseas,ACO20RR,228895414,warrenpatrick@example.net,Fully Registered,COMU101,B,COM3420,-,-,-,-,-,Yes,Y,Y,2005-12-12,Hilary Gibson,
Kennedy,Shirley,Green,Ms,Richard,Home,ACN20SK,979117730,qthomas@example.com,Fully Registered,COMU101,B,COM3420,-,-,-,-,-,Yes,Y,Y,2006-11-15,Mrs Victoria Preston,
Khan,Jordan,Adams Scott,Mx,Kieran,Home,ACB19JK,620207615,richardsjeremy@example.net,Fully Registered,COMU39,B,COM3420,-,-,-,-,-,Yes,Y,Y,1996-12-28,Dr James Thomas,
Rowe,Sharon,Richards,Ms,Reece,Home,ACN22SR,881272305,bentleystephanie@example.net,Fully Registered,COMU05,B,COM3420,-,-,-,-,-,Yes,Y,Y,2005-11-21,Brenda Webb,
Walker,Allan,Carter,Ms,Lisa,Overseas,ACT22AW,207532717,jlord@example.org,Fully Registered,COMU06,B,COM3420,-,-,-,-,-,Yes,Y,Y,1998-01-31,Ms Abbie Watson,
Talbot,Gillian,Coleman,Mr,Donna,Overseas,ACY19GT,529025615,raymond29@example.net,Fully Registered,COMU39,B,COM3420,-,-,-,-,-,Yes,Y,Y,2004-10-31,Susan Walker,
Allen,Maurice,,Ms,Henry,Overseas,ACO22MA,104322746,gemmahall@example.org,Fully Registered,COMU05,B,COM3420,-,-,-,-,-,Yes,Y,Y,2000-08-01,Aaron Hewitt,
McCarthy,Lucy,Sanders Higgins,Mrs,Jeremy,Overseas,ACC21LM,992818220,clairejackson@example.org,Fully Registered,COMU101,B,COM3420,-,-,-,-,-,Yes,Y,Y,2000-11-09,Donna Stone,
Kelly,Rachel,Taylor,Mx,Aimee,Overseas,ACO19RK,612171347,ofoster@example.com,Fully Registered,COMU101,B,COM3420,-,-,-,-,-,Yes,Y,Y,1996-04-10,Miss Lesley May,
O'Connor,Charles,,Mx,Clare,Home,ACM22CO,230027615,gavinwalker@example.org,Fully Registered,COMU43,B,COM3420,-,-,-,-,-,Yes,Y,Y,2002-05-06,Mr Martin Hill,
Smith,Samuel,Francis Jones,Miss,Pauline,Overseas,ACU20SS,518753652,denisemorris@example.org,Fully Registered,COMU43,B,COM3420,-,-,-,-,-,Yes,Y,Y,1998-02-25,Sophie Naylor,
Law,Aaron,,Mrs,Leon,Home,ACX20AL,576352565,kempjessica@example.net,Fully Registered,COMU06,B,COM3420,-,-,-,-,-,Yes,Y,Y,2006-02-26,June Johnson,
Bradshaw,Carly,Simmons Perkins,Mx,Carly,Overseas,ACC19CB,723136942,hughmills@example.com,Fully Registered,COMU39,B,COM3420,-,-,-,-,-,Yes,Y,Y,2002-02-02,Dr Rhys Wright,
Thorpe,Maureen,Brooks Thomas,Ms,Terry,Overseas,ACQ19MT,375965271,wwatkins@example.com,Fully Registered,COMU101,B,COM3420,-,-,-,-,-,Yes,Y,Y,1995-12-21,Mandy Jones,
Richards,Mohamed,Bryan Jackson,Miss,Geoffrey,Home,ACL20MR,960025482,chelseamccarthy@example.org,Fully Registered,COMU39,B,COM3420,-,-,-,-,-,Yes,Y,Y,1994-03-12,Eileen Bond,
Daniels,Valerie,Jones,Mr,Abdul,Home,ACF22VD,367536229,wrightmathew@example.net,Fully Registered,COMU101,B,COM3420,-,-,-,-,-,Yes,Y,Y,2005-09-23,Jeffrey Brown,
Lloyd,Alice,,Mrs,Mathew,Home,ACV21AL,265128878,rmorgan@example.org,Fully Registered,COMU05,B,COM3420,-,-,-,-,-,Yes,Y,Y,1997-11-19,Kirsty Brown,
Green,Jayne,Stephens,Mr,Victoria,Overseas,ACU21JG,601078947,carly41@example.com,Fully Registered,COMU101,B,COM3420,-,-,-,-,-,Yes,Y,Y,1993-09-16,Julian Taylor,
Smart,Maureen,Ball Pratt,Mrs,Kayleigh,Home,ACL21MS,596008591,dickinsonelliott@example.org,Fully Registered,COMU39,B,COM3420,-,-,-,-,-,Yes,Y,Y,2004-09-07,Wayne Clayton,
Gordon,Richard,,Mx,Melanie,Overseas,ACV19RG,268596307,millsgeoffrey@example.com,Fully Registered,COMU05,B,COM3420,-,-,-,-,-,Yes,Y,Y,2003-04-12,Alexander Smith,
Jones,Sylvia,Duncan Roberts,Miss,Irene,Home,ACI21SJ,121356907,tstewart@example.net,Fully Registered,COMU06,B,COM3420,-,-,-,-,-,Yes,Y,Y,2005-12-23,Dr Shaun Cole,
Hall,Lucy,Carter,Miss,Rita,Home,ACY21LH,568220316,lynnegriffiths@example.org,Fully Registered,COMU101,B,COM3420,-,-,-,-,-,Yes,Y,Y,2007-04-04,Jane Woods,
Leonard,Janice,Davis O'Donnell,Miss,Wendy,Home,ACM22JL,433418460,amanda31@example.org,Fully Registered,COMU39,B,COM3420,-,-,-,-,-,Yes,Y,Y,1994-03-02,Jenna Smart,
Ball,Jane,Burton,Miss,Joanna,Overseas,ACM22JB,351515915,haywardrobert@example.com,Fully Registered,COMU05,B,COM3420,-,-,-,-,-,Yes,Y,Y,2001-01-01,Guy Morgan,
